-- phpMyAdmin SQL Dump
-- version 5.1.1
-- https://www.phpmyadmin.net/
--
-- Servidor: 127.0.0.1
-- Tiempo de generación: 14-12-2021 a las 12:47:27
-- Versión del servidor: 10.4.22-MariaDB
-- Versión de PHP: 8.0.13

SET SQL_MODE = "NO_AUTO_VALUE_ON_ZERO";
START TRANSACTION;
SET time_zone = "+00:00";


/*!40101 SET @OLD_CHARACTER_SET_CLIENT=@@CHARACTER_SET_CLIENT */;
/*!40101 SET @OLD_CHARACTER_SET_RESULTS=@@CHARACTER_SET_RESULTS */;
/*!40101 SET @OLD_COLLATION_CONNECTION=@@COLLATION_CONNECTION */;
/*!40101 SET NAMES utf8mb4 */;

--
-- Base de datos: `anime`
--

-- --------------------------------------------------------

--
-- Estructura de tabla para la tabla `anime_db`
--

CREATE DATABASE anime;
USE anime;

CREATE TABLE `anime_db` (
  `id_anime` int(11) NOT NULL,
  `tipo` varchar(30) NOT NULL,
  `titulo` varchar(250) NOT NULL,
  `genero` varchar(300) NOT NULL,
  `descripcion` text NOT NULL,
  `fecha_estreno` date NOT NULL,
  `estado` varchar(30) NOT NULL,
  `capitulos` int(4) NOT NULL,
  `calificacion` int(1) NOT NULL DEFAULT 5,
  `fecha_registro` datetime NOT NULL DEFAULT current_timestamp(),
  `img` varchar(30) NOT NULL DEFAULT 'no asignado'
) ENGINE=InnoDB DEFAULT CHARSET=utf8mb4;

--
-- Volcado de datos para la tabla `anime_db`
--

INSERT INTO `anime_db` (`id_anime`, `tipo`, `titulo`, `genero`, `descripcion`, `fecha_estreno`, `estado`, `capitulos`, `calificacion`, `fecha_registro`, `img`) VALUES
(1, 'Anime', 'Shinrei Tantei Yakumo', 'Misterio,Shoujo,Sobrenatural,Terror', 'La historia se centra en un chico de secundaria , Yakumo Saitou que nació con ojos de distintos colores. Su ojo izquierdo rojo tiene la habilidad de ver espíritus y fantasmas. así con la ayuda de Haruka Ozawa empiezan la investigación de las distintas causas de los espíritus todavía vinculados con la tierra.', '2010-10-03', 'Finalizado', 13, 5, '2021-05-20 13:34:57', 'asignado'),
(2, 'Anime', 'Mieruko-chan', 'Comedia,Sobrenatural,Terror', 'Miko es una típica estudiante de preparatoria cuya vida da un vuelco cuando de repente comienza a ver monstruos espantosos y horribles. A pesar de estar completamente aterrorizada, Miko sigue con su vida diaria, fingiendo no darse cuenta de los horrores que la rodean. Debe soportar el miedo para mantenerse a ella y a su amiga Hana fuera de peligro, incluso si eso significa enfrentarse cara a cara con lo peor. Mezclando comedia y horror, Mieruko-chan cuenta la historia de una chica que trata de lidiar con lo paranormal actuando indiferente hacia él.', '2021-10-10', 'En emision', 12, 5, '2021-12-10 11:08:32', 'no asignado'),
(3, 'Anime', 'Gleipnir', 'Acción,Ecchi,Misterio,Seinen,Sobrenatural', 'Shuichi Kagaya es un chico ordinario de preparatoria en una pequeña y aburrida ciudad. Sin embargo, cuando una chica se ve atrapada en un incendio en un almacén, Shuichi usa su poder misterioso, transformarse en un perro peludo de gran tamaño con un enorme revólver y una cremallera en la espalda. Él salva la vida de la chica, quien decide guardar su secreto. Pero ella se encuentra buscando a su hermana, quien mató a su familia, y no le importará lo degradante que sea: usará a Shuichi para cumplir su misión.', '2020-04-05', 'Finalizado', 13, 5, '2021-12-10 11:10:29', 'no asignado'),
(4, 'Anime', 'Death Note', 'Misterio,Policía,Psicológico,Sobrenatural,Suspenso', 'Light Yagami es un excelente estudiante japonés que ha tenido una vida aburrida. Esto cambia radicalmente cuando encuentra tirado en el suelo un cuaderno conocido como Death Note (Libreta de la Muerte), un cuaderno perdido por Ryuk, un Shinigami (Dios de la muerte). Cualquier humano cuyo nombre esté escrito en el cuaderno morirá, y ahora Light ha decidido utilizar este poder para crear un mundo perfecto sin criminales. Pero cuando los criminales comienzan a morir de forma masiva, las autoridades envían al legendario detective L en busca del asesino. Con L pisándole los talones, Podrá mantener Light su noble propósito incluso arriesgando su vida.', '2007-10-03', 'Finalizado', 36, 5, '2021-12-10 11:13:26', 'no asignado'),
(5, 'Anime', 'Neon Genesis Evangelion', 'Acción,Ciencia,Ficción,Demencia,Drama,Mecha,Psicológico', 'Según cuentan los libros de historia, el 13 de Septiembre del 2000, un enorme meteorito chocó contra la Antártida, causando el derretimiento del Polo Sur y la consecuente inundación y destrucción de todas las ciudades costeras. A este evento crucial se lo denomino Segundo Impacto -El primero fue el que destruyó a los dinosaurios-. La Tierra atravesó luego de ello un estado de crisis y catástrofes naturales y más de mitad de la población humana murió. Han pasado 15 años desde el Segundo Impacto cuando Tokyo-3, es atacada por un misterioso ser orgánico gigante, sin embargo esto no parece ser una sorpresa para un selecto grupo de gente de una organización de la ONU llamada NERV. Ellos se refieren al enemigo como \"Tercer Ángel\" y han desarrollado unos enigmáticos robots gigantes llamados EVA con una particularidad, solo pueden ser piloteados por jóvenes de 14 años con caracteristicas no del todo claras.', '1995-10-04', 'Finalizado', 26, 5, '2021-12-10 11:14:55', 'no asignado'),
(6, 'Anime', 'Ao no Exorcist', 'Acción,Demonios,Fantasía,Shounen,Sobrenatural', 'En Ao no exorcist: El mundo esta unido por 2 dimensiones,el mundo de los seres vivos y de los demonios llamada también Geneha ninguno de los 2 mundos puede tener contacto alguno,pero estos demonios pueden ir al mundo de los seres vivos y poseer y manipular a cualquier humano,vease el caso de Satanás el dios oscuro del inframundo,Satanás quiere entrar al mundo de los seres vivos,pero no hay cuerpo humano que lo pueda resistir ,visto esto engendro a Rin Okumura hijo suyo y de una humana,pero resulta que Rin okumura se da cuenta que es el hijo de Satanas y lo rechaza como padre,y el no esta dispuesto a seguir sus planes,después de un intento fallido de satanás de llevar y matar a su protector Fujimoto, el Hijo de satanás (Rin Okumura) decide ser un Exorcista y así comienza la historia en Ao no exorcist.', '2009-04-09', 'Finalizado', 25, 5, '2021-12-10 11:17:12', 'no asignado'),
(7, 'Anime', 'Naruto', 'Acción,Artes Marciales,Comedia,Shounen,Superpoderes', 'Naruto, un aprendiz de ninja de la Aldea Oculta de Konoha es un chico travieso que desea llegar a ser el Hokage de la aldea para demostrar a todos lo que vale. Lo que descubre al inicio de la historia es que la gente le mira con desconfianza porque en su interior está encerrado el demonio Kyubi que una vez destruyó la aldea, y que el anterior líder de la misma tuvo que encerrar en su cuerpo siendo aún muy pequeño, a coste de su vida. Aunque sus compañeros no saben esto, tampoco le aprecian porque es mal estudiante y siempre está haciendo bromas. Sin embargo, la forma de actuar y la determinación de Naruto demuestran a los demás que puede llegar muy lejos, y el recelo de los otros chicos se va disipando. Naruto y sus compañeros Sakura y Sasuke, junto a su maestro Kakashi tendrán que enfrentarse a una serie de combates y misiones a lo largo de la historia que les permitirán mejorar y crecer. Naruto se vera enfrentado a sus principales enemigos Akatsuki, Itachi y Kisame.', '2002-10-03', 'Finalizado', 220, 5, '2021-12-10 11:19:49', 'no asignado'),
(8, 'Anime', 'Bleach', 'Acción,Comedia,Shounen,Sobrenatural,Superpoderes', 'Kurosaki Ichigo es un estudiante de instituto de 15 años, que tiene una peculiaridad: es capaz de ver, oír y hablar con fantasmas. Pero no sabe hasta dónde puede abarcar la clasificación de espíritus, ni lo que conlleva el saberlo. Un buen día, una extraña chica de pequeña estatura que viste ropas negras de samurai entra en su cuarto. Se llama Rukia Kuchiki, y es una Shinigami (Dios de la Muerte). Ante la incredulidad de Ichigo, le explica que su trabajo es mandar a las almas buenas o plus a un lugar llamado la Sociedad de Almas, y eliminar a las almas malignas o hollows. Luego junto a Inoue Orihime, Ishida Ury y Sado Yasutora se veran envueltos en diferentes batallas, las cuales iran desarrollando sus diferentes habilidades que le otorgaran a cada uno su importancia en la serie.', '2012-03-27', 'Finalizado', 366, 5, '2021-12-10 11:21:37', 'no asignado'),
(9, 'Anime', 'Sword Art Online', 'Acción,Aventuras,Fantasía,Juegos,Romance', 'Escapar es imposible hasta terminar el juego; un game over significaría una verdadera \"muerte\". Sin saber la \"verdad\" de la siguiente generación del Multijugador Masivo Online, \'Sword Art Online(SAO)\', con 10 mil usuarios unidos juntos abriendo las cortinas para esta cruel batalla a muerte. Participando solo en SAO, el protagonista Kirito ha aceptado inmediatamente la \"verdad\" de este MMO. <br/><br/> Y, en el mundo del juego, un gigante castillo flotante llamado \'Aincrad\', Kirito se distinguió a si mismo como un jugador solitario. Apuntando a terminar el juego al alcanzar la planta mas alta el solo continua avanzando arriesgadamente hasta que recibe una invitación a la fuerza de una guerrera y esgrimista experta, Asuna, con la cual tendra que hacer equipo.', '2012-07-07', 'Finalizado', 25, 5, '2021-12-10 11:26:58', 'no asignado'),
(10, 'Anime', 'Fairy Tail', 'Acción,Aventuras,Comedia,Fantasía,Magia,Shounen', 'Fairy Tail cuenta la historia de un joven mago llamado Natsu en la búsqueda de su maestro y padre adoptivo Igneel que resulta ser un dragón. Por ello se unió a Fairy Tail, un gremio de magos que es famoso por los destrozos y daños que provocan en diversas ciudades (lo cual no debería ser así). El mundo de Fairy Tail gira alrededor de los magos (los cuales poco tienen que ver con la idea general del mago común) que realizan encargos a cambio de dinero, similar a un cazarecompensas. Natsu conoce a Lucy, una guapa muchacha cuyo sueño era ingresar a un gremio de magos, específicamente, a Fairy Tail, lo cual consigue gracias a la ayuda de Natsu. De ahí en adelante, la historia sigue los movimientos de esta pareja de magos los cuales se ven envueltos en un sin número de aventuras antes de conseguir la meta final de encontrar a Igneel.', '2009-10-12', 'Finalizado', 175, 5, '2021-12-10 11:29:07', 'no asignado'),
(11, 'Anime', 'Shingeki no Kyojin', 'Acción,Drama,Fantasía,Shounen,Superpoderes', 'La historia nos traslada a un mundo en el que la humanidad estuvo a punto de ser exterminada cientos de años atrás por los gigantes. Los gigantes son enormes, parecen no ser inteligentes y devoran seres humanos. Lo peor es que parece que lo hacen por placer y no por alimentarse. Una pequeña parte de la humanidad ha conseguido sobrevivir protegiéndose en una ciudad con unos altísimos muros, más altos que el mayor de los gigantes. La ciudad vive su vida tranquila, y hace más de 100 años que ningún gigante aparece por allí. Eren y su hermana adoptiva Mikasa son todavía unos adolescentes cuando ven algo horroroso: un gigante mucho mayor que todos los que la humanidad había conocido hasta el momento está destruyendo los muros de la ciudad. No pasa mucho tiempo hasta que los gigantes entran por el hueco abierto en el muro y comienzan a devorar a la gente.', '2013-04-07', 'Finalizado', 25, 5, '2021-12-10 11:31:47', 'no asignado'),
(12, 'Anime', 'Fullmetal Alchemist', 'Acción,Aventuras,Comedia,Drama,Fantasía,Magia,MilitarShounen', 'Tras perder a su madre, Alphonse y Edward Elric tratan de revivirla usando la ciencia prohibida de la alquimia humana. Sin embargo, la alquimia opera bajo la teoría del cambio equivalente y romper el tabú de la alquimia humana acarrea un alto precio. Ed pierde una de sus piernas y Al su cuerpo. Ed logra sellar el alma de Al dentro de una gran armadura, a costa de su brazo. Años después, Ed (ahora con dos extremidades mecánicas) y Al (aún atrapado en la armadura) dejan su casa de la niñez, cada uno preocupado por la felicidad del otro. Ed, quien tuvo un talento y habilidad natural para la alquimia, se convierte en un alquimista con certificado nacional y pronto es conocido en todas partes como el ?Alquimista Fullmetal?. El verdadero objetivo de ambos hermanos es buscar cualquier información sobre la legendaria Piedra Filosofal, con la esperanza de que ésta les permita recobrar sus cuerpos. Todas sus esperanzas descansan en la mítica piedra, que incluso puede no existir.', '2003-10-04', 'Finalizado', 51, 5, '2021-12-10 11:33:21', 'no asignado');

-- --------------------------------------------------------

--
-- Estructura de tabla para la tabla `anime_favorito`
--

CREATE TABLE `anime_favorito` (
  `id_favorito` int(11) NOT NULL,
  `fk_usuario` int(11) NOT NULL,
  `fk_anime` int(11) NOT NULL
) ENGINE=InnoDB DEFAULT CHARSET=utf8mb4;

--
-- Volcado de datos para la tabla `anime_favorito`
--

INSERT INTO `anime_favorito` (`id_favorito`, `fk_usuario`, `fk_anime`) VALUES
(1, 1, 1),
(3, 1, 2),
(4, 2, 6),
(5, 2, 12),
(6, 2, 9);

-- --------------------------------------------------------

--
-- Estructura de tabla para la tabla `listado_capitulo`
--

CREATE TABLE `listado_capitulo` (
  `id_capitulo` int(11) NOT NULL,
  `numero_cap` int(11) NOT NULL,
  `enlace` varchar(400) NOT NULL DEFAULT 'http:',
  `visible` int(11) NOT NULL DEFAULT 0,
  `fk_anime` int(11) NOT NULL
) ENGINE=InnoDB DEFAULT CHARSET=utf8mb4;

--
-- Volcado de datos para la tabla `listado_capitulo`
--

INSERT INTO `listado_capitulo` (`id_capitulo`, `numero_cap`, `enlace`, `visible`, `fk_anime`) VALUES
(1, 1, 'https://www.yourupload.com/watch/8v5vfcVkdMoE', 1, 1),
(2, 2, 'https://www.yourupload.com/watch/8v5vfcVkdMoE', 1, 1),
(3, 3, 'https://www.yourupload.com/watch/8v5vfcVkdMoE', 1, 1),
(4, 4, 'https://www.yourupload.com/watch/8v5vfcVkdMoE', 1, 1),
(5, 5, 'https://www.yourupload.com/watch/8v5vfcVkdMoE', 1, 1),
(6, 6, 'https://www.yourupload.com/watch/8v5vfcVkdMoE', 1, 1),
(7, 7, 'https://www.yourupload.com/watch/8v5vfcVkdMoE', 1, 1),
(8, 8, 'https://www.yourupload.com/watch/8v5vfcVkdMoE', 1, 1),
(9, 9, 'https://www.yourupload.com/watch/8v5vfcVkdMoE', 1, 1),
(10, 10, 'https://www.yourupload.com/watch/8v5vfcVkdMoE', 1, 1),
(11, 11, 'https://www.yourupload.com/watch/8v5vfcVkdMoE', 1, 1),
(12, 12, 'https://www.yourupload.com/watch/8v5vfcVkdMoE', 1, 1),
(13, 13, 'http:', 0, 1),
(14, 1, 'https://www.yourupload.com/watch/t3F5xf33Y001', 1, 2),
(15, 2, 'http:', 0, 2),
(16, 3, 'http:', 0, 2),
(17, 4, 'http:', 0, 2),
(18, 5, 'http:', 0, 2),
(19, 6, 'http:', 0, 2),
(20, 7, 'http:', 0, 2),
(21, 8, 'http:', 0, 2),
(22, 9, 'http:', 0, 2),
(23, 10, 'http:', 0, 2),
(24, 11, 'http:', 0, 2),
(25, 12, 'http:', 0, 2),
(26, 1, 'http:', 0, 3),
(27, 2, 'http:', 0, 3),
(28, 3, 'http:', 0, 3),
(29, 4, 'http:', 0, 3),
(30, 5, 'http:', 0, 3),
(31, 6, 'http:', 0, 3),
(32, 7, 'http:', 0, 3),
(33, 8, 'http:', 0, 3),
(34, 9, 'http:', 0, 3),
(35, 10, 'http:', 0, 3),
(36, 11, 'http:', 0, 3),
(37, 12, 'http:', 0, 3),
(38, 13, 'http:', 0, 3),
(39, 1, 'http:', 0, 4),
(40, 2, 'http:', 0, 4),
(41, 3, 'http:', 0, 4),
(42, 4, 'http:', 0, 4),
(43, 5, 'http:', 0, 4),
(44, 6, 'http:', 0, 4),
(45, 7, 'http:', 0, 4),
(46, 8, 'http:', 0, 4),
(47, 9, 'http:', 0, 4),
(48, 10, 'http:', 0, 4),
(49, 11, 'http:', 0, 4),
(50, 12, 'http:', 0, 4),
(51, 13, 'http:', 0, 4),
(52, 14, 'http:', 0, 4),
(53, 15, 'http:', 0, 4),
(54, 16, 'http:', 0, 4),
(55, 17, 'http:', 0, 4),
(56, 18, 'http:', 0, 4),
(57, 19, 'http:', 0, 4),
(58, 20, 'http:', 0, 4),
(59, 21, 'http:', 0, 4),
(60, 22, 'http:', 0, 4),
(61, 23, 'http:', 0, 4),
(62, 24, 'http:', 0, 4),
(63, 25, 'http:', 0, 4),
(64, 26, 'http:', 0, 4),
(65, 27, 'http:', 0, 4),
(66, 28, 'http:', 0, 4),
(67, 29, 'http:', 0, 4),
(68, 30, 'http:', 0, 4),
(69, 31, 'http:', 0, 4),
(70, 32, 'http:', 0, 4),
(71, 33, 'http:', 0, 4),
(72, 34, 'http:', 0, 4),
(73, 35, 'http:', 0, 4),
(74, 36, 'http:', 0, 4),
(75, 1, 'http:', 0, 5),
(76, 2, 'http:', 0, 5),
(77, 3, 'http:', 0, 5),
(78, 4, 'http:', 0, 5),
(79, 5, 'http:', 0, 5),
(80, 6, 'http:', 0, 5),
(81, 7, 'http:', 0, 5),
(82, 8, 'http:', 0, 5),
(83, 9, 'http:', 0, 5),
(84, 10, 'http:', 0, 5),
(85, 11, 'http:', 0, 5),
(86, 12, 'http:', 0, 5),
(87, 13, 'http:', 0, 5),
(88, 14, 'http:', 0, 5),
(89, 15, 'http:', 0, 5),
(90, 16, 'http:', 0, 5),
(91, 17, 'http:', 0, 5),
(92, 18, 'http:', 0, 5),
(93, 19, 'http:', 0, 5),
(94, 20, 'http:', 0, 5),
(95, 21, 'http:', 0, 5),
(96, 22, 'http:', 0, 5),
(97, 23, 'http:', 0, 5),
(98, 24, 'http:', 0, 5),
(99, 25, 'http:', 0, 5),
(100, 26, 'http:', 0, 5),
(101, 1, 'http:', 0, 6),
(102, 2, 'http:', 0, 6),
(103, 3, 'http:', 0, 6),
(104, 4, 'http:', 0, 6),
(105, 5, 'http:', 0, 6),
(106, 6, 'http:', 0, 6),
(107, 7, 'http:', 0, 6),
(108, 8, 'http:', 0, 6),
(109, 9, 'http:', 0, 6),
(110, 10, 'http:', 0, 6),
(111, 11, 'http:', 0, 6),
(112, 12, 'http:', 0, 6),
(113, 13, 'http:', 0, 6),
(114, 14, 'http:', 0, 6),
(115, 15, 'http:', 0, 6),
(116, 16, 'http:', 0, 6),
(117, 17, 'http:', 0, 6),
(118, 18, 'http:', 0, 6),
(119, 19, 'http:', 0, 6),
(120, 20, 'http:', 0, 6),
(121, 21, 'http:', 0, 6),
(122, 22, 'http:', 0, 6),
(123, 23, 'http:', 0, 6),
(124, 24, 'http:', 0, 6),
(125, 25, 'http:', 0, 6),
(126, 1, 'http:', 0, 7),
(127, 2, 'http:', 0, 7),
(128, 3, 'http:', 0, 7),
(129, 4, 'http:', 0, 7),
(130, 5, 'http:', 0, 7),
(131, 6, 'http:', 0, 7),
(132, 7, 'http:', 0, 7),
(133, 8, 'http:', 0, 7),
(134, 9, 'http:', 0, 7),
(135, 10, 'http:', 0, 7),
(136, 11, 'http:', 0, 7),
(137, 12, 'http:', 0, 7),
(138, 13, 'http:', 0, 7),
(139, 14, 'http:', 0, 7),
(140, 15, 'http:', 0, 7),
(141, 16, 'http:', 0, 7),
(142, 17, 'http:', 0, 7),
(143, 18, 'http:', 0, 7),
(144, 19, 'http:', 0, 7),
(145, 20, 'http:', 0, 7),
(146, 21, 'http:', 0, 7),
(147, 22, 'http:', 0, 7),
(148, 23, 'http:', 0, 7),
(149, 24, 'http:', 0, 7),
(150, 25, 'http:', 0, 7),
(151, 26, 'http:', 0, 7),
(152, 27, 'http:', 0, 7),
(153, 28, 'http:', 0, 7),
(154, 29, 'http:', 0, 7),
(155, 30, 'http:', 0, 7),
(156, 31, 'http:', 0, 7),
(157, 32, 'http:', 0, 7),
(158, 33, 'http:', 0, 7),
(159, 34, 'http:', 0, 7),
(160, 35, 'http:', 0, 7),
(161, 36, 'http:', 0, 7),
(162, 37, 'http:', 0, 7),
(163, 38, 'http:', 0, 7),
(164, 39, 'http:', 0, 7),
(165, 40, 'http:', 0, 7),
(166, 41, 'http:', 0, 7),
(167, 42, 'http:', 0, 7),
(168, 43, 'http:', 0, 7),
(169, 44, 'http:', 0, 7),
(170, 45, 'http:', 0, 7),
(171, 46, 'http:', 0, 7),
(172, 47, 'http:', 0, 7),
(173, 48, 'http:', 0, 7),
(174, 49, 'http:', 0, 7),
(175, 50, 'http:', 0, 7),
(176, 51, 'http:', 0, 7),
(177, 52, 'http:', 0, 7),
(178, 53, 'http:', 0, 7),
(179, 54, 'http:', 0, 7),
(180, 55, 'http:', 0, 7),
(181, 56, 'http:', 0, 7),
(182, 57, 'http:', 0, 7),
(183, 58, 'http:', 0, 7),
(184, 59, 'http:', 0, 7),
(185, 60, 'http:', 0, 7),
(186, 61, 'http:', 0, 7),
(187, 62, 'http:', 0, 7),
(188, 63, 'http:', 0, 7),
(189, 64, 'http:', 0, 7),
(190, 65, 'http:', 0, 7),
(191, 66, 'http:', 0, 7),
(192, 67, 'http:', 0, 7),
(193, 68, 'http:', 0, 7),
(194, 69, 'http:', 0, 7),
(195, 70, 'http:', 0, 7),
(196, 71, 'http:', 0, 7),
(197, 72, 'http:', 0, 7),
(198, 73, 'http:', 0, 7),
(199, 74, 'http:', 0, 7),
(200, 75, 'http:', 0, 7),
(201, 76, 'http:', 0, 7),
(202, 77, 'http:', 0, 7),
(203, 78, 'http:', 0, 7),
(204, 79, 'http:', 0, 7),
(205, 80, 'http:', 0, 7),
(206, 81, 'http:', 0, 7),
(207, 82, 'http:', 0, 7),
(208, 83, 'http:', 0, 7),
(209, 84, 'http:', 0, 7),
(210, 85, 'http:', 0, 7),
(211, 86, 'http:', 0, 7),
(212, 87, 'http:', 0, 7),
(213, 88, 'http:', 0, 7),
(214, 89, 'http:', 0, 7),
(215, 90, 'http:', 0, 7),
(216, 91, 'http:', 0, 7),
(217, 92, 'http:', 0, 7),
(218, 93, 'http:', 0, 7),
(219, 94, 'http:', 0, 7),
(220, 95, 'http:', 0, 7),
(221, 96, 'http:', 0, 7),
(222, 97, 'http:', 0, 7),
(223, 98, 'http:', 0, 7),
(224, 99, 'http:', 0, 7),
(225, 100, 'http:', 0, 7),
(226, 101, 'http:', 0, 7),
(227, 102, 'http:', 0, 7),
(228, 103, 'http:', 0, 7),
(229, 104, 'http:', 0, 7),
(230, 105, 'http:', 0, 7),
(231, 106, 'http:', 0, 7),
(232, 107, 'http:', 0, 7),
(233, 108, 'http:', 0, 7),
(234, 109, 'http:', 0, 7),
(235, 110, 'http:', 0, 7),
(236, 111, 'http:', 0, 7),
(237, 112, 'http:', 0, 7),
(238, 113, 'http:', 0, 7),
(239, 114, 'http:', 0, 7),
(240, 115, 'http:', 0, 7),
(241, 116, 'http:', 0, 7),
(242, 117, 'http:', 0, 7),
(243, 118, 'http:', 0, 7),
(244, 119, 'http:', 0, 7),
(245, 120, 'http:', 0, 7),
(246, 121, 'http:', 0, 7),
(247, 122, 'http:', 0, 7),
(248, 123, 'http:', 0, 7),
(249, 124, 'http:', 0, 7),
(250, 125, 'http:', 0, 7),
(251, 126, 'http:', 0, 7),
(252, 127, 'http:', 0, 7),
(253, 128, 'http:', 0, 7),
(254, 129, 'http:', 0, 7),
(255, 130, 'http:', 0, 7),
(256, 131, 'http:', 0, 7),
(257, 132, 'http:', 0, 7),
(258, 133, 'http:', 0, 7),
(259, 134, 'http:', 0, 7),
(260, 135, 'http:', 0, 7),
(261, 136, 'http:', 0, 7),
(262, 137, 'http:', 0, 7),
(263, 138, 'http:', 0, 7),
(264, 139, 'http:', 0, 7),
(265, 140, 'http:', 0, 7),
(266, 141, 'http:', 0, 7),
(267, 142, 'http:', 0, 7),
(268, 143, 'http:', 0, 7),
(269, 144, 'http:', 0, 7),
(270, 145, 'http:', 0, 7),
(271, 146, 'http:', 0, 7),
(272, 147, 'http:', 0, 7),
(273, 148, 'http:', 0, 7),
(274, 149, 'http:', 0, 7),
(275, 150, 'http:', 0, 7),
(276, 151, 'http:', 0, 7),
(277, 152, 'http:', 0, 7),
(278, 153, 'http:', 0, 7),
(279, 154, 'http:', 0, 7),
(280, 155, 'http:', 0, 7),
(281, 156, 'http:', 0, 7),
(282, 157, 'http:', 0, 7),
(283, 158, 'http:', 0, 7),
(284, 159, 'http:', 0, 7),
(285, 160, 'http:', 0, 7),
(286, 161, 'http:', 0, 7),
(287, 162, 'http:', 0, 7),
(288, 163, 'http:', 0, 7),
(289, 164, 'http:', 0, 7),
(290, 165, 'http:', 0, 7),
(291, 166, 'http:', 0, 7),
(292, 167, 'http:', 0, 7),
(293, 168, 'http:', 0, 7),
(294, 169, 'http:', 0, 7),
(295, 170, 'http:', 0, 7),
(296, 171, 'http:', 0, 7),
(297, 172, 'http:', 0, 7),
(298, 173, 'http:', 0, 7),
(299, 174, 'http:', 0, 7),
(300, 175, 'http:', 0, 7),
(301, 176, 'http:', 0, 7),
(302, 177, 'http:', 0, 7),
(303, 178, 'http:', 0, 7),
(304, 179, 'http:', 0, 7),
(305, 180, 'http:', 0, 7),
(306, 181, 'http:', 0, 7),
(307, 182, 'http:', 0, 7),
(308, 183, 'http:', 0, 7),
(309, 184, 'http:', 0, 7),
(310, 185, 'http:', 0, 7),
(311, 186, 'http:', 0, 7),
(312, 187, 'http:', 0, 7),
(313, 188, 'http:', 0, 7),
(314, 189, 'http:', 0, 7),
(315, 190, 'http:', 0, 7),
(316, 191, 'http:', 0, 7),
(317, 192, 'http:', 0, 7),
(318, 193, 'http:', 0, 7),
(319, 194, 'http:', 0, 7),
(320, 195, 'http:', 0, 7),
(321, 196, 'http:', 0, 7),
(322, 197, 'http:', 0, 7),
(323, 198, 'http:', 0, 7),
(324, 199, 'http:', 0, 7),
(325, 200, 'http:', 0, 7),
(326, 201, 'http:', 0, 7),
(327, 202, 'http:', 0, 7),
(328, 203, 'http:', 0, 7),
(329, 204, 'http:', 0, 7),
(330, 205, 'http:', 0, 7),
(331, 206, 'http:', 0, 7),
(332, 207, 'http:', 0, 7),
(333, 208, 'http:', 0, 7),
(334, 209, 'http:', 0, 7),
(335, 210, 'http:', 0, 7),
(336, 211, 'http:', 0, 7),
(337, 212, 'http:', 0, 7),
(338, 213, 'http:', 0, 7),
(339, 214, 'http:', 0, 7),
(340, 215, 'http:', 0, 7),
(341, 216, 'http:', 0, 7),
(342, 217, 'http:', 0, 7),
(343, 218, 'http:', 0, 7),
(344, 219, 'http:', 0, 7),
(345, 220, 'http:', 0, 7),
(346, 1, 'http:', 0, 8),
(347, 2, 'http:', 0, 8),
(348, 3, 'http:', 0, 8),
(349, 4, 'http:', 0, 8),
(350, 5, 'http:', 0, 8),
(351, 6, 'http:', 0, 8),
(352, 7, 'http:', 0, 8),
(353, 8, 'http:', 0, 8),
(354, 9, 'http:', 0, 8),
(355, 10, 'http:', 0, 8),
(356, 11, 'http:', 0, 8),
(357, 12, 'http:', 0, 8),
(358, 13, 'http:', 0, 8),
(359, 14, 'http:', 0, 8),
(360, 15, 'http:', 0, 8),
(361, 16, 'http:', 0, 8),
(362, 17, 'http:', 0, 8),
(363, 18, 'http:', 0, 8),
(364, 19, 'http:', 0, 8),
(365, 20, 'http:', 0, 8),
(366, 21, 'http:', 0, 8),
(367, 22, 'http:', 0, 8),
(368, 23, 'http:', 0, 8),
(369, 24, 'http:', 0, 8),
(370, 25, 'http:', 0, 8),
(371, 26, 'http:', 0, 8),
(372, 27, 'http:', 0, 8),
(373, 28, 'http:', 0, 8),
(374, 29, 'http:', 0, 8),
(375, 30, 'http:', 0, 8),
(376, 31, 'http:', 0, 8),
(377, 32, 'http:', 0, 8),
(378, 33, 'http:', 0, 8),
(379, 34, 'http:', 0, 8),
(380, 35, 'http:', 0, 8),
(381, 36, 'http:', 0, 8),
(382, 37, 'http:', 0, 8),
(383, 38, 'http:', 0, 8),
(384, 39, 'http:', 0, 8),
(385, 40, 'http:', 0, 8),
(386, 41, 'http:', 0, 8),
(387, 42, 'http:', 0, 8),
(388, 43, 'http:', 0, 8),
(389, 44, 'http:', 0, 8),
(390, 45, 'http:', 0, 8),
(391, 46, 'http:', 0, 8),
(392, 47, 'http:', 0, 8),
(393, 48, 'http:', 0, 8),
(394, 49, 'http:', 0, 8),
(395, 50, 'http:', 0, 8),
(396, 51, 'http:', 0, 8),
(397, 52, 'http:', 0, 8),
(398, 53, 'http:', 0, 8),
(399, 54, 'http:', 0, 8),
(400, 55, 'http:', 0, 8),
(401, 56, 'http:', 0, 8),
(402, 57, 'http:', 0, 8),
(403, 58, 'http:', 0, 8),
(404, 59, 'http:', 0, 8),
(405, 60, 'http:', 0, 8),
(406, 61, 'http:', 0, 8),
(407, 62, 'http:', 0, 8),
(408, 63, 'http:', 0, 8),
(409, 64, 'http:', 0, 8),
(410, 65, 'http:', 0, 8),
(411, 66, 'http:', 0, 8),
(412, 67, 'http:', 0, 8),
(413, 68, 'http:', 0, 8),
(414, 69, 'http:', 0, 8),
(415, 70, 'http:', 0, 8),
(416, 71, 'http:', 0, 8),
(417, 72, 'http:', 0, 8),
(418, 73, 'http:', 0, 8),
(419, 74, 'http:', 0, 8),
(420, 75, 'http:', 0, 8),
(421, 76, 'http:', 0, 8),
(422, 77, 'http:', 0, 8),
(423, 78, 'http:', 0, 8),
(424, 79, 'http:', 0, 8),
(425, 80, 'http:', 0, 8),
(426, 81, 'http:', 0, 8),
(427, 82, 'http:', 0, 8),
(428, 83, 'http:', 0, 8),
(429, 84, 'http:', 0, 8),
(430, 85, 'http:', 0, 8),
(431, 86, 'http:', 0, 8),
(432, 87, 'http:', 0, 8),
(433, 88, 'http:', 0, 8),
(434, 89, 'http:', 0, 8),
(435, 90, 'http:', 0, 8),
(436, 91, 'http:', 0, 8),
(437, 92, 'http:', 0, 8),
(438, 93, 'http:', 0, 8),
(439, 94, 'http:', 0, 8),
(440, 95, 'http:', 0, 8),
(441, 96, 'http:', 0, 8),
(442, 97, 'http:', 0, 8),
(443, 98, 'http:', 0, 8),
(444, 99, 'http:', 0, 8),
(445, 100, 'http:', 0, 8),
(446, 101, 'http:', 0, 8),
(447, 102, 'http:', 0, 8),
(448, 103, 'http:', 0, 8),
(449, 104, 'http:', 0, 8),
(450, 105, 'http:', 0, 8),
(451, 106, 'http:', 0, 8),
(452, 107, 'http:', 0, 8),
(453, 108, 'http:', 0, 8),
(454, 109, 'http:', 0, 8),
(455, 110, 'http:', 0, 8),
(456, 111, 'http:', 0, 8),
(457, 112, 'http:', 0, 8),
(458, 113, 'http:', 0, 8),
(459, 114, 'http:', 0, 8),
(460, 115, 'http:', 0, 8),
(461, 116, 'http:', 0, 8),
(462, 117, 'http:', 0, 8),
(463, 118, 'http:', 0, 8),
(464, 119, 'http:', 0, 8),
(465, 120, 'http:', 0, 8),
(466, 121, 'http:', 0, 8),
(467, 122, 'http:', 0, 8),
(468, 123, 'http:', 0, 8),
(469, 124, 'http:', 0, 8),
(470, 125, 'http:', 0, 8),
(471, 126, 'http:', 0, 8),
(472, 127, 'http:', 0, 8),
(473, 128, 'http:', 0, 8),
(474, 129, 'http:', 0, 8),
(475, 130, 'http:', 0, 8),
(476, 131, 'http:', 0, 8),
(477, 132, 'http:', 0, 8),
(478, 133, 'http:', 0, 8),
(479, 134, 'http:', 0, 8),
(480, 135, 'http:', 0, 8),
(481, 136, 'http:', 0, 8),
(482, 137, 'http:', 0, 8),
(483, 138, 'http:', 0, 8),
(484, 139, 'http:', 0, 8),
(485, 140, 'http:', 0, 8),
(486, 141, 'http:', 0, 8),
(487, 142, 'http:', 0, 8),
(488, 143, 'http:', 0, 8),
(489, 144, 'http:', 0, 8),
(490, 145, 'http:', 0, 8),
(491, 146, 'http:', 0, 8),
(492, 147, 'http:', 0, 8),
(493, 148, 'http:', 0, 8),
(494, 149, 'http:', 0, 8),
(495, 150, 'http:', 0, 8),
(496, 151, 'http:', 0, 8),
(497, 152, 'http:', 0, 8),
(498, 153, 'http:', 0, 8),
(499, 154, 'http:', 0, 8),
(500, 155, 'http:', 0, 8),
(501, 156, 'http:', 0, 8),
(502, 157, 'http:', 0, 8),
(503, 158, 'http:', 0, 8),
(504, 159, 'http:', 0, 8),
(505, 160, 'http:', 0, 8),
(506, 161, 'http:', 0, 8),
(507, 162, 'http:', 0, 8),
(508, 163, 'http:', 0, 8),
(509, 164, 'http:', 0, 8),
(510, 165, 'http:', 0, 8),
(511, 166, 'http:', 0, 8),
(512, 167, 'http:', 0, 8),
(513, 168, 'http:', 0, 8),
(514, 169, 'http:', 0, 8),
(515, 170, 'http:', 0, 8),
(516, 171, 'http:', 0, 8),
(517, 172, 'http:', 0, 8),
(518, 173, 'http:', 0, 8),
(519, 174, 'http:', 0, 8),
(520, 175, 'http:', 0, 8),
(521, 176, 'http:', 0, 8),
(522, 177, 'http:', 0, 8),
(523, 178, 'http:', 0, 8),
(524, 179, 'http:', 0, 8),
(525, 180, 'http:', 0, 8),
(526, 181, 'http:', 0, 8),
(527, 182, 'http:', 0, 8),
(528, 183, 'http:', 0, 8),
(529, 184, 'http:', 0, 8),
(530, 185, 'http:', 0, 8),
(531, 186, 'http:', 0, 8),
(532, 187, 'http:', 0, 8),
(533, 188, 'http:', 0, 8),
(534, 189, 'http:', 0, 8),
(535, 190, 'http:', 0, 8),
(536, 191, 'http:', 0, 8),
(537, 192, 'http:', 0, 8),
(538, 193, 'http:', 0, 8),
(539, 194, 'http:', 0, 8),
(540, 195, 'http:', 0, 8),
(541, 196, 'http:', 0, 8),
(542, 197, 'http:', 0, 8),
(543, 198, 'http:', 0, 8),
(544, 199, 'http:', 0, 8),
(545, 200, 'http:', 0, 8),
(546, 201, 'http:', 0, 8),
(547, 202, 'http:', 0, 8),
(548, 203, 'http:', 0, 8),
(549, 204, 'http:', 0, 8),
(550, 205, 'http:', 0, 8),
(551, 206, 'http:', 0, 8),
(552, 207, 'http:', 0, 8),
(553, 208, 'http:', 0, 8),
(554, 209, 'http:', 0, 8),
(555, 210, 'http:', 0, 8),
(556, 211, 'http:', 0, 8),
(557, 212, 'http:', 0, 8),
(558, 213, 'http:', 0, 8),
(559, 214, 'http:', 0, 8),
(560, 215, 'http:', 0, 8),
(561, 216, 'http:', 0, 8),
(562, 217, 'http:', 0, 8),
(563, 218, 'http:', 0, 8),
(564, 219, 'http:', 0, 8),
(565, 220, 'http:', 0, 8),
(566, 221, 'http:', 0, 8),
(567, 222, 'http:', 0, 8),
(568, 223, 'http:', 0, 8),
(569, 224, 'http:', 0, 8),
(570, 225, 'http:', 0, 8),
(571, 226, 'http:', 0, 8),
(572, 227, 'http:', 0, 8),
(573, 228, 'http:', 0, 8),
(574, 229, 'http:', 0, 8),
(575, 230, 'http:', 0, 8),
(576, 231, 'http:', 0, 8),
(577, 232, 'http:', 0, 8),
(578, 233, 'http:', 0, 8),
(579, 234, 'http:', 0, 8),
(580, 235, 'http:', 0, 8),
(581, 236, 'http:', 0, 8),
(582, 237, 'http:', 0, 8),
(583, 238, 'http:', 0, 8),
(584, 239, 'http:', 0, 8),
(585, 240, 'http:', 0, 8),
(586, 241, 'http:', 0, 8),
(587, 242, 'http:', 0, 8),
(588, 243, 'http:', 0, 8),
(589, 244, 'http:', 0, 8),
(590, 245, 'http:', 0, 8),
(591, 246, 'http:', 0, 8),
(592, 247, 'http:', 0, 8),
(593, 248, 'http:', 0, 8),
(594, 249, 'http:', 0, 8),
(595, 250, 'http:', 0, 8),
(596, 251, 'http:', 0, 8),
(597, 252, 'http:', 0, 8),
(598, 253, 'http:', 0, 8),
(599, 254, 'http:', 0, 8),
(600, 255, 'http:', 0, 8),
(601, 256, 'http:', 0, 8),
(602, 257, 'http:', 0, 8),
(603, 258, 'http:', 0, 8),
(604, 259, 'http:', 0, 8),
(605, 260, 'http:', 0, 8),
(606, 261, 'http:', 0, 8),
(607, 262, 'http:', 0, 8),
(608, 263, 'http:', 0, 8),
(609, 264, 'http:', 0, 8),
(610, 265, 'http:', 0, 8),
(611, 266, 'http:', 0, 8),
(612, 267, 'http:', 0, 8),
(613, 268, 'http:', 0, 8),
(614, 269, 'http:', 0, 8),
(615, 270, 'http:', 0, 8),
(616, 271, 'http:', 0, 8),
(617, 272, 'http:', 0, 8),
(618, 273, 'http:', 0, 8),
(619, 274, 'http:', 0, 8),
(620, 275, 'http:', 0, 8),
(621, 276, 'http:', 0, 8),
(622, 277, 'http:', 0, 8),
(623, 278, 'http:', 0, 8),
(624, 279, 'http:', 0, 8),
(625, 280, 'http:', 0, 8),
(626, 281, 'http:', 0, 8),
(627, 282, 'http:', 0, 8),
(628, 283, 'http:', 0, 8),
(629, 284, 'http:', 0, 8),
(630, 285, 'http:', 0, 8),
(631, 286, 'http:', 0, 8),
(632, 287, 'http:', 0, 8),
(633, 288, 'http:', 0, 8),
(634, 289, 'http:', 0, 8),
(635, 290, 'http:', 0, 8),
(636, 291, 'http:', 0, 8),
(637, 292, 'http:', 0, 8),
(638, 293, 'http:', 0, 8),
(639, 294, 'http:', 0, 8),
(640, 295, 'http:', 0, 8),
(641, 296, 'http:', 0, 8),
(642, 297, 'http:', 0, 8),
(643, 298, 'http:', 0, 8),
(644, 299, 'http:', 0, 8),
(645, 300, 'http:', 0, 8),
(646, 301, 'http:', 0, 8),
(647, 302, 'http:', 0, 8),
(648, 303, 'http:', 0, 8),
(649, 304, 'http:', 0, 8),
(650, 305, 'http:', 0, 8),
(651, 306, 'http:', 0, 8),
(652, 307, 'http:', 0, 8),
(653, 308, 'http:', 0, 8),
(654, 309, 'http:', 0, 8),
(655, 310, 'http:', 0, 8),
(656, 311, 'http:', 0, 8),
(657, 312, 'http:', 0, 8),
(658, 313, 'http:', 0, 8),
(659, 314, 'http:', 0, 8),
(660, 315, 'http:', 0, 8),
(661, 316, 'http:', 0, 8),
(662, 317, 'http:', 0, 8),
(663, 318, 'http:', 0, 8),
(664, 319, 'http:', 0, 8),
(665, 320, 'http:', 0, 8),
(666, 321, 'http:', 0, 8),
(667, 322, 'http:', 0, 8),
(668, 323, 'http:', 0, 8),
(669, 324, 'http:', 0, 8),
(670, 325, 'http:', 0, 8),
(671, 326, 'http:', 0, 8),
(672, 327, 'http:', 0, 8),
(673, 328, 'http:', 0, 8),
(674, 329, 'http:', 0, 8),
(675, 330, 'http:', 0, 8),
(676, 331, 'http:', 0, 8),
(677, 332, 'http:', 0, 8),
(678, 333, 'http:', 0, 8),
(679, 334, 'http:', 0, 8),
(680, 335, 'http:', 0, 8),
(681, 336, 'http:', 0, 8),
(682, 337, 'http:', 0, 8),
(683, 338, 'http:', 0, 8),
(684, 339, 'http:', 0, 8),
(685, 340, 'http:', 0, 8),
(686, 341, 'http:', 0, 8),
(687, 342, 'http:', 0, 8),
(688, 343, 'http:', 0, 8),
(689, 344, 'http:', 0, 8),
(690, 345, 'http:', 0, 8),
(691, 346, 'http:', 0, 8),
(692, 347, 'http:', 0, 8),
(693, 348, 'http:', 0, 8),
(694, 349, 'http:', 0, 8),
(695, 350, 'http:', 0, 8),
(696, 351, 'http:', 0, 8),
(697, 352, 'http:', 0, 8),
(698, 353, 'http:', 0, 8),
(699, 354, 'http:', 0, 8),
(700, 355, 'http:', 0, 8),
(701, 356, 'http:', 0, 8),
(702, 357, 'http:', 0, 8),
(703, 358, 'http:', 0, 8),
(704, 359, 'http:', 0, 8),
(705, 360, 'http:', 0, 8),
(706, 361, 'http:', 0, 8),
(707, 362, 'http:', 0, 8),
(708, 363, 'http:', 0, 8),
(709, 364, 'http:', 0, 8),
(710, 365, 'http:', 0, 8),
(711, 366, 'http:', 0, 8),
(712, 1, 'http:', 0, 9),
(713, 2, 'http:', 0, 9),
(714, 3, 'http:', 0, 9),
(715, 4, 'http:', 0, 9),
(716, 5, 'http:', 0, 9),
(717, 6, 'http:', 0, 9),
(718, 7, 'http:', 0, 9),
(719, 8, 'http:', 0, 9),
(720, 9, 'http:', 0, 9),
(721, 10, 'http:', 0, 9),
(722, 11, 'http:', 0, 9),
(723, 12, 'http:', 0, 9),
(724, 13, 'http:', 0, 9),
(725, 14, 'http:', 0, 9),
(726, 15, 'http:', 0, 9),
(727, 16, 'http:', 0, 9),
(728, 17, 'http:', 0, 9),
(729, 18, 'http:', 0, 9),
(730, 19, 'http:', 0, 9),
(731, 20, 'http:', 0, 9),
(732, 21, 'http:', 0, 9),
(733, 22, 'http:', 0, 9),
(734, 23, 'http:', 0, 9),
(735, 24, 'http:', 0, 9),
(736, 25, 'http:', 0, 9),
(737, 1, 'http:', 0, 10),
(738, 2, 'http:', 0, 10),
(739, 3, 'http:', 0, 10),
(740, 4, 'http:', 0, 10),
(741, 5, 'http:', 0, 10),
(742, 6, 'http:', 0, 10),
(743, 7, 'http:', 0, 10),
(744, 8, 'http:', 0, 10),
(745, 9, 'http:', 0, 10),
(746, 10, 'http:', 0, 10),
(747, 11, 'http:', 0, 10),
(748, 12, 'http:', 0, 10),
(749, 13, 'http:', 0, 10),
(750, 14, 'http:', 0, 10),
(751, 15, 'http:', 0, 10),
(752, 16, 'http:', 0, 10),
(753, 17, 'http:', 0, 10),
(754, 18, 'http:', 0, 10),
(755, 19, 'http:', 0, 10),
(756, 20, 'http:', 0, 10),
(757, 21, 'http:', 0, 10),
(758, 22, 'http:', 0, 10),
(759, 23, 'http:', 0, 10),
(760, 24, 'http:', 0, 10),
(761, 25, 'http:', 0, 10),
(762, 26, 'http:', 0, 10),
(763, 27, 'http:', 0, 10),
(764, 28, 'http:', 0, 10),
(765, 29, 'http:', 0, 10),
(766, 30, 'http:', 0, 10),
(767, 31, 'http:', 0, 10),
(768, 32, 'http:', 0, 10),
(769, 33, 'http:', 0, 10),
(770, 34, 'http:', 0, 10),
(771, 35, 'http:', 0, 10),
(772, 36, 'http:', 0, 10),
(773, 37, 'http:', 0, 10),
(774, 38, 'http:', 0, 10),
(775, 39, 'http:', 0, 10),
(776, 40, 'http:', 0, 10),
(777, 41, 'http:', 0, 10),
(778, 42, 'http:', 0, 10),
(779, 43, 'http:', 0, 10),
(780, 44, 'http:', 0, 10),
(781, 45, 'http:', 0, 10),
(782, 46, 'http:', 0, 10),
(783, 47, 'http:', 0, 10),
(784, 48, 'http:', 0, 10),
(785, 49, 'http:', 0, 10),
(786, 50, 'http:', 0, 10),
(787, 51, 'http:', 0, 10),
(788, 52, 'http:', 0, 10),
(789, 53, 'http:', 0, 10),
(790, 54, 'http:', 0, 10),
(791, 55, 'http:', 0, 10),
(792, 56, 'http:', 0, 10),
(793, 57, 'http:', 0, 10),
(794, 58, 'http:', 0, 10),
(795, 59, 'http:', 0, 10),
(796, 60, 'http:', 0, 10),
(797, 61, 'http:', 0, 10),
(798, 62, 'http:', 0, 10),
(799, 63, 'http:', 0, 10),
(800, 64, 'http:', 0, 10),
(801, 65, 'http:', 0, 10),
(802, 66, 'http:', 0, 10),
(803, 67, 'http:', 0, 10),
(804, 68, 'http:', 0, 10),
(805, 69, 'http:', 0, 10),
(806, 70, 'http:', 0, 10),
(807, 71, 'http:', 0, 10),
(808, 72, 'http:', 0, 10),
(809, 73, 'http:', 0, 10),
(810, 74, 'http:', 0, 10),
(811, 75, 'http:', 0, 10),
(812, 76, 'http:', 0, 10),
(813, 77, 'http:', 0, 10),
(814, 78, 'http:', 0, 10),
(815, 79, 'http:', 0, 10),
(816, 80, 'http:', 0, 10),
(817, 81, 'http:', 0, 10),
(818, 82, 'http:', 0, 10),
(819, 83, 'http:', 0, 10),
(820, 84, 'http:', 0, 10),
(821, 85, 'http:', 0, 10),
(822, 86, 'http:', 0, 10),
(823, 87, 'http:', 0, 10),
(824, 88, 'http:', 0, 10),
(825, 89, 'http:', 0, 10),
(826, 90, 'http:', 0, 10),
(827, 91, 'http:', 0, 10),
(828, 92, 'http:', 0, 10),
(829, 93, 'http:', 0, 10),
(830, 94, 'http:', 0, 10),
(831, 95, 'http:', 0, 10),
(832, 96, 'http:', 0, 10),
(833, 97, 'http:', 0, 10),
(834, 98, 'http:', 0, 10),
(835, 99, 'http:', 0, 10),
(836, 100, 'http:', 0, 10),
(837, 101, 'http:', 0, 10),
(838, 102, 'http:', 0, 10),
(839, 103, 'http:', 0, 10),
(840, 104, 'http:', 0, 10),
(841, 105, 'http:', 0, 10),
(842, 106, 'http:', 0, 10),
(843, 107, 'http:', 0, 10),
(844, 108, 'http:', 0, 10),
(845, 109, 'http:', 0, 10),
(846, 110, 'http:', 0, 10),
(847, 111, 'http:', 0, 10),
(848, 112, 'http:', 0, 10),
(849, 113, 'http:', 0, 10),
(850, 114, 'http:', 0, 10),
(851, 115, 'http:', 0, 10),
(852, 116, 'http:', 0, 10),
(853, 117, 'http:', 0, 10),
(854, 118, 'http:', 0, 10),
(855, 119, 'http:', 0, 10),
(856, 120, 'http:', 0, 10),
(857, 121, 'http:', 0, 10),
(858, 122, 'http:', 0, 10),
(859, 123, 'http:', 0, 10),
(860, 124, 'http:', 0, 10),
(861, 125, 'http:', 0, 10),
(862, 126, 'http:', 0, 10),
(863, 127, 'http:', 0, 10),
(864, 128, 'http:', 0, 10),
(865, 129, 'http:', 0, 10),
(866, 130, 'http:', 0, 10),
(867, 131, 'http:', 0, 10),
(868, 132, 'http:', 0, 10),
(869, 133, 'http:', 0, 10),
(870, 134, 'http:', 0, 10),
(871, 135, 'http:', 0, 10),
(872, 136, 'http:', 0, 10),
(873, 137, 'http:', 0, 10),
(874, 138, 'http:', 0, 10),
(875, 139, 'http:', 0, 10),
(876, 140, 'http:', 0, 10),
(877, 141, 'http:', 0, 10),
(878, 142, 'http:', 0, 10),
(879, 143, 'http:', 0, 10),
(880, 144, 'http:', 0, 10),
(881, 145, 'http:', 0, 10),
(882, 146, 'http:', 0, 10),
(883, 147, 'http:', 0, 10),
(884, 148, 'http:', 0, 10),
(885, 149, 'http:', 0, 10),
(886, 150, 'http:', 0, 10),
(887, 151, 'http:', 0, 10),
(888, 152, 'http:', 0, 10),
(889, 153, 'http:', 0, 10),
(890, 154, 'http:', 0, 10),
(891, 155, 'http:', 0, 10),
(892, 156, 'http:', 0, 10),
(893, 157, 'http:', 0, 10),
(894, 158, 'http:', 0, 10),
(895, 159, 'http:', 0, 10),
(896, 160, 'http:', 0, 10),
(897, 161, 'http:', 0, 10),
(898, 162, 'http:', 0, 10),
(899, 163, 'http:', 0, 10),
(900, 164, 'http:', 0, 10),
(901, 165, 'http:', 0, 10),
(902, 166, 'http:', 0, 10),
(903, 167, 'http:', 0, 10),
(904, 168, 'http:', 0, 10),
(905, 169, 'http:', 0, 10),
(906, 170, 'http:', 0, 10),
(907, 171, 'http:', 0, 10),
(908, 172, 'http:', 0, 10),
(909, 173, 'http:', 0, 10),
(910, 174, 'http:', 0, 10),
(911, 175, 'http:', 0, 10),
(912, 1, 'http:', 0, 11),
(913, 2, 'http:', 0, 11),
(914, 3, 'http:', 0, 11),
(915, 4, 'http:', 0, 11),
(916, 5, 'http:', 0, 11),
(917, 6, 'http:', 0, 11),
(918, 7, 'http:', 0, 11),
(919, 8, 'http:', 0, 11),
(920, 9, 'http:', 0, 11),
(921, 10, 'http:', 0, 11),
(922, 11, 'http:', 0, 11),
(923, 12, 'http:', 0, 11),
(924, 13, 'http:', 0, 11),
(925, 14, 'http:', 0, 11),
(926, 15, 'http:', 0, 11),
(927, 16, 'http:', 0, 11),
(928, 17, 'http:', 0, 11),
(929, 18, 'http:', 0, 11),
(930, 19, 'http:', 0, 11),
(931, 20, 'http:', 0, 11),
(932, 21, 'http:', 0, 11),
(933, 22, 'http:', 0, 11),
(934, 23, 'http:', 0, 11),
(935, 24, 'http:', 0, 11),
(936, 25, 'http:', 0, 11),
(937, 1, 'http:', 0, 12),
(938, 2, 'http:', 0, 12),
(939, 3, 'http:', 0, 12),
(940, 4, 'http:', 0, 12),
(941, 5, 'http:', 0, 12),
(942, 6, 'http:', 0, 12),
(943, 7, 'http:', 0, 12),
(944, 8, 'http:', 0, 12),
(945, 9, 'http:', 0, 12),
(946, 10, 'http:', 0, 12),
(947, 11, 'http:', 0, 12),
(948, 12, 'http:', 0, 12),
(949, 13, 'http:', 0, 12),
(950, 14, 'http:', 0, 12),
(951, 15, 'http:', 0, 12),
(952, 16, 'http:', 0, 12),
(953, 17, 'http:', 0, 12),
(954, 18, 'http:', 0, 12),
(955, 19, 'http:', 0, 12),
(956, 20, 'http:', 0, 12),
(957, 21, 'http:', 0, 12),
(958, 22, 'http:', 0, 12),
(959, 23, 'http:', 0, 12),
(960, 24, 'http:', 0, 12),
(961, 25, 'http:', 0, 12),
(962, 26, 'http:', 0, 12),
(963, 27, 'http:', 0, 12),
(964, 28, 'http:', 0, 12),
(965, 29, 'http:', 0, 12),
(966, 30, 'http:', 0, 12),
(967, 31, 'http:', 0, 12),
(968, 32, 'http:', 0, 12),
(969, 33, 'http:', 0, 12),
(970, 34, 'http:', 0, 12),
(971, 35, 'http:', 0, 12),
(972, 36, 'http:', 0, 12),
(973, 37, 'http:', 0, 12),
(974, 38, 'http:', 0, 12),
(975, 39, 'http:', 0, 12),
(976, 40, 'http:', 0, 12),
(977, 41, 'http:', 0, 12),
(978, 42, 'http:', 0, 12),
(979, 43, 'http:', 0, 12),
(980, 44, 'http:', 0, 12),
(981, 45, 'http:', 0, 12),
(982, 46, 'http:', 0, 12),
(983, 47, 'http:', 0, 12),
(984, 48, 'http:', 0, 12),
(985, 49, 'http:', 0, 12),
(986, 50, 'http:', 0, 12),
(987, 51, 'http:', 0, 12);

-- --------------------------------------------------------

--
-- Estructura de tabla para la tabla `users`
--

CREATE TABLE `users` (
  `id` bigint(20) UNSIGNED NOT NULL,
  `username` varchar(255) COLLATE utf8mb4_unicode_ci NOT NULL,
  `email` varchar(255) COLLATE utf8mb4_unicode_ci NOT NULL,
  `email_verified_at` timestamp NULL DEFAULT NULL,
  `password` varchar(255) COLLATE utf8mb4_unicode_ci NOT NULL,
  `rol` varchar(255) COLLATE utf8mb4_unicode_ci NOT NULL,
  `remember_token` varchar(100) COLLATE utf8mb4_unicode_ci DEFAULT NULL,
  `created_at` timestamp NULL DEFAULT NULL,
  `updated_at` timestamp NULL DEFAULT NULL
) ENGINE=InnoDB DEFAULT CHARSET=utf8mb4 COLLATE=utf8mb4_unicode_ci;

--
-- Volcado de datos para la tabla `users`
--

INSERT INTO `users` (`id`, `username`, `email`, `email_verified_at`, `password`, `rol`, `remember_token`, `created_at`, `updated_at`) VALUES
(1, 'yakumo', 'yakumo-sahashi@hotmail.com', '2021-12-09 05:43:16', '$2y$10$92IXUNpkjO0rOQ5byMi.Ye4oKoEa3Ro9llC/.og/at2.uheWG/igi', '0', 'oaH9WwVsjcPw9cy8ORMuyx95nO40HK7NLHNWGui2WumO89DB0y04nTJnkOpt', '2021-12-09 05:43:16', '2021-12-09 05:43:16');

-- --------------------------------------------------------

--
-- Estructura de tabla para la tabla `usuario`
--

CREATE TABLE `usuario` (
  `id` int(11) NOT NULL,
  `usuario` varchar(45) COLLATE utf8_spanish_ci NOT NULL,
  `password` varchar(300) COLLATE utf8_spanish_ci NOT NULL,
  `email` varchar(200) COLLATE utf8_spanish_ci NOT NULL,
  `sexo` varchar(20) COLLATE utf8_spanish_ci NOT NULL,
  `rol` int(3) NOT NULL DEFAULT 3,
  `estado` varchar(30) COLLATE utf8_spanish_ci NOT NULL DEFAULT 'desconectado',
  `avatar` varchar(15) COLLATE utf8_spanish_ci NOT NULL DEFAULT 'no asignado'
) ENGINE=InnoDB DEFAULT CHARSET=utf8 COLLATE=utf8_spanish_ci;

--
-- Volcado de datos para la tabla `usuario`
--

INSERT INTO `usuario` (`id`, `usuario`, `password`, `email`, `sexo`, `rol`, `estado`, `avatar`) VALUES
(1, 'yakumo', '$2y$10$2jSIP147OFMmsZn2XOZJgOT6LfCqHWWPBpr8GsYLGFJ/xCPDobS/O', 'yakumo-sahashi@hotmail.com', 'Masculino', 1, 'desconectado', 'asignado'),
(2, 'haruka', '$2y$10$OhY5lvMtJNeEo5eXSflBFuYWcGrAh/PoG85w8uQ1oI7DwZSF.qzre', 'haruka-saito@hotmail.com', 'Femenino', 3, 'desconectado', 'asignado'),
(3, 'sasuke', '$2y$10$30QPY6VxZEL38495Kp3HseWMqrZwKxjjWtFSaL2J8BElbp04hvwXm', 'sasuke-ono@hotmail.com', 'Masculino', 3, 'desconectado', 'asignado'),
(4, 'prueba', '$2y$10$DwgfO2N0VrZK3/mZULnEIOkuA.ZKqrZWWqbl9CXvVVR9555ESECuy', 'prueba@hotmail.com', 'Masculino', 2, 'desconectado', 'no asignado'),
(5, 'kirito', '$2y$10$5HJNbokJ8OxV1Axswwrts.ceKOBKwLcUcrri2SYhSK1fb2tzpGOIS', 'kirito-uchiha@hotmail.com', 'Masculino', 3, 'desconectado', 'no asignado');

--
-- Índices para tablas volcadas
--

--
-- Indices de la tabla `anime_db`
--
ALTER TABLE `anime_db`
  ADD PRIMARY KEY (`id_anime`);

--
-- Indices de la tabla `anime_favorito`
--
ALTER TABLE `anime_favorito`
  ADD PRIMARY KEY (`id_favorito`);

--
-- Indices de la tabla `listado_capitulo`
--
ALTER TABLE `listado_capitulo`
  ADD PRIMARY KEY (`id_capitulo`);

--
-- Indices de la tabla `users`
--
ALTER TABLE `users`
  ADD PRIMARY KEY (`id`),
  ADD UNIQUE KEY `users_username_unique` (`username`),
  ADD UNIQUE KEY `users_email_unique` (`email`);

--
-- Indices de la tabla `usuario`
--
ALTER TABLE `usuario`
  ADD PRIMARY KEY (`id`);

--
-- AUTO_INCREMENT de las tablas volcadas
--

--
-- AUTO_INCREMENT de la tabla `anime_db`
--
ALTER TABLE `anime_db`
  MODIFY `id_anime` int(11) NOT NULL AUTO_INCREMENT, AUTO_INCREMENT=20;

--
-- AUTO_INCREMENT de la tabla `anime_favorito`
--
ALTER TABLE `anime_favorito`
  MODIFY `id_favorito` int(11) NOT NULL AUTO_INCREMENT, AUTO_INCREMENT=7;

--
-- AUTO_INCREMENT de la tabla `listado_capitulo`
--
ALTER TABLE `listado_capitulo`
  MODIFY `id_capitulo` int(11) NOT NULL AUTO_INCREMENT, AUTO_INCREMENT=988;

--
-- AUTO_INCREMENT de la tabla `users`
--
ALTER TABLE `users`
  MODIFY `id` bigint(20) UNSIGNED NOT NULL AUTO_INCREMENT, AUTO_INCREMENT=2;

--
-- AUTO_INCREMENT de la tabla `usuario`
--
ALTER TABLE `usuario`
  MODIFY `id` int(11) NOT NULL AUTO_INCREMENT, AUTO_INCREMENT=7;
COMMIT;

/*!40101 SET CHARACTER_SET_CLIENT=@OLD_CHARACTER_SET_CLIENT */;
/*!40101 SET CHARACTER_SET_RESULTS=@OLD_CHARACTER_SET_RESULTS */;
/*!40101 SET COLLATION_CONNECTION=@OLD_COLLATION_CONNECTION */;
